mysql> USE serverlog
Database changed
mysql> SELECT log.id
    -> FROM log
    -> LEFT JOIN employee_list
    -> ON log.source_ip = employee_list.IP AND log.source_mac = employee_list.MAC
    -> WHERE employee_list.No IS NULL;
+----------+
| id       |
+----------+
| 65127278 |
| 65127313 |
| 86201252 |
| 86201253 |
| 86201254 |
| 86201255 |
| 86201256 |
| 86201257 |
| 86201258 |
| 86201259 |
| 86201260 |
| 86201261 |
| 86201262 |
| 86201263 |
| 86201264 |
| 86201265 |
| 86201266 |
| 86201267 |
| 86201268 |
| 86201269 |
| 86201270 |
| 86201271 |
| 86201272 |
| 86201273 |
| 86201274 |
| 86201275 |
+----------+
26 rows in set (2 min 39.69 sec)

mysql> select * from log WHERE id = 65127278
    -> ;
+----------+---------------------+-----------------+------------+----------------+-------------+-------------+----------------+-----------------+------------------+---------+
| id       | date_added          | employee_number | source_ip  | source_mac     | source_port | server_name | destination_ip | destination_mac | destination_port | size_kb |
+----------+---------------------+-----------------+------------+----------------+-------------+-------------+----------------+-----------------+------------------+---------+
| 65127278 | 2021-06-29 10:30:14 |            1369 | 1230651821 | 18039931858064 |       34333 | Solution_2  |     3446560161 |  57545994578706 |            53243 |   62956 |
+----------+---------------------+-----------------+------------+----------------+-------------+-------------+----------------+-----------------+------------------+---------+
1 row in set (0.00 sec)

mysql> SELECT * FROM employee_list WHERE No=1369;
+------+----------+--------------------------+------------+--------------+--------+
| No   | Name     | ACCOUNT                  | IP         | MAC          | REGION |
+------+----------+--------------------------+------------+--------------+--------+
| 1369 | Ian Choi | ianchoi@bobforensics.com | 1230651821 | 136956671582 | US     |
+------+----------+--------------------------+------------+--------------+--------+
1 row in set (0.00 sec)

mysql> SELECT * FROM log where id = 65127313;
+----------+---------------------+-----------------+------------+----------------+-------------+-------------+----------------+-----------------+------------------+---------+
| id       | date_added          | employee_number | source_ip  | source_mac     | source_port | server_name | destination_ip | destination_mac | destination_port | size_kb |
+----------+---------------------+-----------------+------------+----------------+-------------+-------------+----------------+-----------------+------------------+---------+
| 65127313 | 2021-06-29 10:30:40 |            1268 | 1231241802 | 18039931858064 |        1754 | Solution_2  |     3446560161 |  57545994578706 |            55545 |   86847 |
+----------+---------------------+-----------------+------------+----------------+-------------+-------------+----------------+-----------------+------------------+---------+
1 row in set (0.00 sec)

mysql> SELECT * FROM employee_list WHERE No = 1268;
+------+-------------+-----------------------------+------------+----------------+--------+
| No   | Name        | ACCOUNT                     | IP         | MAC            | REGION |
+------+-------------+-----------------------------+------------+----------------+--------+
| 1268 | Arleen Choi | arleenchoi@bobforensics.com | 1231241802 | 48742778176928 | US     |
+------+-------------+-----------------------------+------------+----------------+--------+
1 row in set (0.00 sec)

mysql> SELECT * FROM log WHERE id = 86201252;
+----------+---------------------+-----------------+------------+-----------------+-------------+-------------+----------------+-----------------+------------------+---------+
| id       | date_added          | employee_number | source_ip  | source_mac      | source_port | server_name | destination_ip | destination_mac | destination_port | size_kb |
+----------+---------------------+-----------------+------------+-----------------+-------------+-------------+----------------+-----------------+------------------+---------+
| 86201252 | 2021-12-23 00:02:21 |            1369 | 1230651821 | 273777359852657 |       31337 | NAS_2       |     3446560165 | 188167976614032 |            33322 |   80001 |
+----------+---------------------+-----------------+------------+-----------------+-------------+-------------+----------------+-----------------+------------------+---------+
1 row in set (0.00 sec)

mysql> SELECT * FROM log WHERE id BETWEEN 86201252 AND 86201275;
+----------+---------------------+-----------------+------------+-----------------+-------------+-------------+----------------+-----------------+------------------+---------+
| id       | date_added          | employee_number | source_ip  | source_mac      | source_port | server_name | destination_ip | destination_mac | destination_port | size_kb |
+----------+---------------------+-----------------+------------+-----------------+-------------+-------------+----------------+-----------------+------------------+---------+
| 86201252 | 2021-12-23 00:02:21 |            1369 | 1230651821 | 273777359852657 |       31337 | NAS_2       |     3446560165 | 188167976614032 |            33322 |   80001 |
| 86201253 | 2021-12-23 00:02:21 |            1369 | 1230651821 | 273777359852657 |       31337 | NAS_2       |     3446560165 | 188167976614032 |            33322 |   80012 |
| 86201254 | 2021-12-23 00:02:21 |            1369 | 1230651821 | 273777359852657 |       31337 | NAS_2       |     3446560165 | 188167976614032 |            33322 |   80632 |
| 86201255 | 2021-12-23 00:02:22 |            1369 | 1230651821 | 273777359852657 |       31337 | NAS_2       |     3446560165 | 188167976614032 |            33322 |   80012 |
| 86201256 | 2021-12-23 00:02:22 |            1369 | 1230651821 | 273777359852657 |       31337 | NAS_2       |     3446560165 | 188167976614032 |            33322 |   80011 |
| 86201257 | 2021-12-23 00:02:22 |            1369 | 1230651821 | 273777359852657 |       31337 | NAS_2       |     3446560165 | 188167976614032 |            33322 |   80832 |
| 86201258 | 2021-12-23 00:02:23 |            1369 | 1230651821 | 273777359852657 |       31337 | NAS_2       |     3446560165 | 188167976614032 |            33322 |   81153 |
| 86201259 | 2021-12-23 00:02:23 |            1369 | 1230651821 | 273777359852657 |       31337 | NAS_2       |     3446560165 | 188167976614032 |            33322 |   83522 |
| 86201260 | 2021-12-23 00:02:23 |            1369 | 1230651821 | 273777359852657 |       31337 | NAS_2       |     3446560165 | 188167976614032 |            33322 |   85553 |
| 86201261 | 2021-12-23 00:02:23 |            1369 | 1230651821 | 273777359852657 |       31337 | NAS_2       |     3446560165 | 188167976614032 |            33322 |   86239 |
| 86201262 | 2021-12-23 00:02:23 |            1369 | 1230651821 | 273777359852657 |       31337 | NAS_2       |     3446560165 | 188167976614032 |            33322 |   82385 |
| 86201263 | 2021-12-23 00:02:24 |            1369 | 1230651821 | 273777359852657 |       31337 | NAS_2       |     3446560165 | 188167976614032 |            33322 |   83235 |
| 86201264 | 2021-12-23 00:02:24 |            1369 | 1230651821 | 273777359852657 |       31337 | NAS_2       |     3446560165 | 188167976614032 |            33322 |   87713 |
| 86201265 | 2021-12-23 00:02:24 |            1369 | 1230651821 | 273777359852657 |       31337 | NAS_2       |     3446560165 | 188167976614032 |            33322 |   83731 |
| 86201266 | 2021-12-23 00:02:24 |            1369 | 1230651821 | 273777359852657 |       31337 | NAS_2       |     3446560165 | 188167976614032 |            33322 |   83474 |
| 86201267 | 2021-12-23 00:02:25 |            1369 | 1230651821 | 273777359852657 |       31337 | NAS_2       |     3446560165 | 188167976614032 |            33322 |   85474 |
| 86201268 | 2021-12-23 00:02:25 |            1369 | 1230651821 | 273777359852657 |       31337 | NAS_2       |     3446560165 | 188167976614032 |            33322 |   81737 |
| 86201269 | 2021-12-23 00:02:25 |            1369 | 1230651821 | 273777359852657 |       31337 | NAS_2       |     3446560165 | 188167976614032 |            33322 |   84357 |
| 86201270 | 2021-12-23 00:02:26 |            1369 | 1230651821 | 273777359852657 |       31337 | NAS_2       |     3446560165 | 188167976614032 |            33322 |   82437 |
| 86201271 | 2021-12-23 00:02:26 |            1369 | 1230651821 | 273777359852657 |       31337 | NAS_2       |     3446560165 | 188167976614032 |            33322 |   88213 |
| 86201272 | 2021-12-23 00:02:26 |            1369 | 1230651821 | 273777359852657 |       31337 | NAS_2       |     3446560165 | 188167976614032 |            33322 |   81324 |
| 86201273 | 2021-12-23 00:02:27 |            1369 | 1230651821 | 273777359852657 |       31337 | NAS_2       |     3446560165 | 188167976614032 |            33322 |   82386 |
| 86201274 | 2021-12-23 00:02:28 |            1369 | 1230651821 | 273777359852657 |       31337 | NAS_2       |     3446560165 | 188167976614032 |            33322 |   81236 |
| 86201275 | 2021-12-23 00:02:28 |            1369 | 1230651821 | 273777359852657 |       31337 | NAS_2       |     3446560165 | 188167976614032 |            33322 |    1251 |
+----------+---------------------+-----------------+------------+-----------------+-------------+-------------+----------------+-----------------+------------------+---------+
24 rows in set (0.00 sec)

mysql> SELECT * FROM employee_list WHERE Ip = 1230651821;
+------+----------+--------------------------+------------+--------------+--------+
| No   | Name     | ACCOUNT                  | IP         | MAC          | REGION |
+------+----------+--------------------------+------------+--------------+--------+
| 1369 | Ian Choi | ianchoi@bobforensics.com | 1230651821 | 136956671582 | US     |
+------+----------+--------------------------+------------+--------------+--------+
1 row in set (0.00 sec)